Workbook

Sheet Formato descripción HU
A1: 4
B3: Matriz de Marco de Trabajo de HU
B5: ITEM | C5: PROBLEMA | D5: QUE (NECESIDAD) | E5: PARA QUE (SOLUCIÓN) | F5: PARA QUIEN (USUARIO) | G5: COMO (DESCRIPCIÓN DE TAREAS) | H5: HECHO POR (PROG. RESP.) | I5: CUANTO TIEMPO (ESTIMADO EN HRS) | J5: FECHA DE ENTREGA | K5: PRIORIDAD | L5: STATUS | M5: PRUEBA (COMO SE VERIFICA) | N5: COMENTARIOS | O5: NOMBRE DE HISTORIA
B6: RF1 | C6: El usuario nuevo necesita una cuenta. | D6: Registrarme en la aplicación con mis datos obligatorios (nombre, correo, contraseña, fecha de nacimiento, rol). | E6: Para que el sistema guarde mis datos y me permita iniciar sesión. | F6: Usuario | G6: El usuario ingresa sus datos en el formulario de registro. El sistema valida el formato de los campos y los guarda. | I6: 8 horas | J6: sáb 17/5/25 | K6: Alta | L6: No iniciado | M6: Si no se puede identificar el rol, se muestra un error y se sugiere reiniciar sesión. | O6: Registrar Usuario
B7: RF2 | C7: El usuario registrado necesita acceder. | D7: Iniciar sesión en la aplicación con mi correo electrónico y contraseña. | E7: Para que el sistema valide mis credenciales y me autorice el acceso a la app. | F7: Usuario | G7: El usuario ingresa su correo y contraseña. El sistema los valida contra la base de datos y da acceso. | I7: 3 horas | J7: sáb 17/5/25 | K7: Alta | L7: No iniciado | M7: Si el código es inválido o expirado, el sistema muestra un mensaje de error claro. Si es exitoso, muestra confirmación. | O7: Iniciar sesión
B8: RF3.1 | C8: El padre necesita ver el contenido del nivel principiante para la categoría de edad seleccionada. | D8: El padre necesita ver el contenido del nivel principiante para la categoría de edad seleccionada. | E8: (Derivado) Para que el actor pueda seleccionar, visualizar y filtrar contenido de expresiones básicas y señas sobre animales. | F8: Padre | G8: El sistema presenta... lista de contenidos... El actor selecciona un contenido... El actor puede aplicar un filtro... El sistema muestra el contenido filtrado. | I8: 6 horas | J8: mié 28/5/25 | L8: No iniciado | M8: Si el filtro no encuentra nada, se muestra "no hay coincidencias". Si no se carga el contenido, muestra error. | O8: Mostrar nivel principiante
B9: RF3.2.1 | C9: El padre necesita practicar en nivel intermedio. | D9: Realizar una práctica para seleccionar la seña correcta. | E9: Para que el sistema valide mi selección, me dé retroalimentación (Correcto/Incorrecto) y registre el resultado. | F9: Padre | G9: El sistema muestra una seña y varias opciones. El padre elige una. El sistema da feedback y avanza. | I9: 6 horas | J9: mié 28/5/25 | L9: No iniciado | M9: Si no se carga la práctica, muestra error. El sistema debe dar feedback "Correcto" o "Incorrecto". | O9: Seleccionar seña correcta
B10: RF3.2.2 | C10: El padre necesita practicar asociación. | D10: Realizar una práctica de asociación visual (arrastrar y soltar). | E10: Para asociar correctamente cada seña (video/imagen) con su etiqueta de significado. | F10: Padre | G10: El sistema muestra señas y etiquetas desordenadas. El padre las arrastra para unirlas. El sistema valida y da feedback. | I10: 6 horas | J10: vie 30/5/25 | L10: No iniciado | M10: Si no se carga la práctica, muestra error. El progreso se puede guardar al salir. | O10: Practicar por asociación visual
B11: RF3.3.1 | C11: El padre necesita practicar imitación (Avanzado). | D11: Practicar señas con un ejemplo visual contextual. | E11: Para observar el ejemplo, imitar la seña frente a la cámara y seleccionar el significado correcto. | F11: Padre | G11: El sistema pide permiso de cámara. Muestra la seña y su contexto. El padre imita y responde. El sistema valida la imitación y la respuesta. | I11: 5 horas | J11: sáb 31/5/25 | L11: No iniciado | M11: Si no se da permiso a la cámara, el caso de uso no se ejecuta. Si la imitación falla, pide volver a intentarlo. | O11: Practicar señas con ejemplo visual
B12: RF3.3.2 | C12: El padre necesita practicar con audio (Avanzado). | D12: Practicar señas con audio e imitación. | E12: Para escuchar una descripción, ver la seña, e imitarla frente a la cámara para que el sistema la valide. | F12: Padre | G12: El sistema pide permiso de cámara. Reproduce el video de la seña y el audio. El padre imita. El sistema captura y valida la imitación. | I12: 6 horas | J12: sáb 31/5/25 | L12: No iniciado | M12: Si no se da permiso a la cámara, no se ejecuta. Si la validación de la seña falla, pide volver a realizarla | O12: Practicar con audio imitación
B13: RF6 | C13: El docente necesita crear grupos. | D13: Generar un código de clase. | E13: Para que los padres puedan unirse a la clase que he creado. | F13: Docente | G13: El docente (con rol verificado) ingresa un nombre para una nueva clase. El sistema valida que no exista y genera un código único. | I13: 4 horas | J13: sáb 31/5/25 | L13: No iniciado | M13: Si el nombre de la clase ya está en uso por él, el sistema muestra un error. Si falla la generación, notifica el error. | O13: Generar código de clase
B14: RF7 | C14: El docente necesita añadir contenido | D14: Importar contenido multimedia (video, imagen, frase) para una nueva seña. | E14: Para que el material quede disponible en la base de datos para los módulos de aprendizaje. | F14: Docente | G14: El docente llena un formulario con video, imagen, título, categoría, nivel y palabras clave. El sistema valida y guarda. | I14: 4 horas | J14: mar 10/6/25 | L14: No iniciado | M14: Si un archivo tiene formato incorrecto o faltan campos obligatorios, el sistema bloquea el envío y notifica. | O14: Importar contenido
B15: RF8 | C15: El docente necesita ver el progreso. | D15: Visualizar el progreso de un padre (estudiante). | E15: Para ver un informe visual con el avance, errores, intentos y aciertos del estudiante. | F15: Docente | G15: El docente selecciona una clase y luego un estudiante. El sistema consulta la BD y genera un informe visual del progreso. | I15: 4 horas | J15: mar 10/6/25 | L15: No iniciado | M15: Si no hay progreso registrado para ese estudiante, el sistema muestra un mensaje indicándolo. | O15: Visualizar progreso
B16: RF9 | C16: El docente necesita ver el historial. | D16: Ver el historial de palabras aprendidas de un padre. | E16: Para revisar las palabras específicas que el padre ha completado por lección y módulo. | F16: Docente | G16: Similar a RF8, el docente selecciona al padre y el sistema consulta y muestra el historial de vocabulario aprendido. | I16: 4 horas | J16: jue 12/6/25 | L16: No iniciado | M16: Si no hay información registrada, el sistema muestra un mensaje indicando que no hay resultados. | O16: Ver historial de palabras aprendidas
B17: RF10 | C17: El padre necesita usar la app sin internet. | D17: Descargar el contenido de un módulo gratuito y activo. | E17: Para poder usar el contenido y las lecciones en modo sin conexión. | F17: Padre | G17: El padre selecciona un módulo gratuito activo y confirma la descarga. El sistema pide permiso de almacenamiento y descarga el contenido. | I17: 6 horas | J17: mar 27/5/25 | L17: No iniciado | M17: Si el usuario niega el permiso de almacenamiento, se le informa que no podrá usar la app offline. | O17: Descargar contenido del sistema
B18: RF11 | C18: El padre necesita acceder a funciones premium. | D18: Acceder a contenido exclusivo (Traductor, Aprendizaje Dinámico). | E18: Para que el sistema verifique si tengo una membresía activa y me dé acceso. | F18: Padre | G18: El sistema verifica el estado de la membresía del padre. Si es válida, desbloquea las funciones. Si no, lo redirige a la pantalla de compra. | I18: 5 horas | J18: jue 12/6/25 | L18: No iniciado | M18: Si la membresía no es válida, el usuario es redirigido a la sección informativa para comprarla. | O18: Acceder a contenido exclusivo
B19: RF11.1 | C19: El padre necesita pagar la membresía. | D19: Comprar una membresía. | E19: Para que el sistema procese mi pago con tarjeta (vía API externa) y actualice mi estado a miembro activo. | F19: Padre | G19: El padre va a la sección "Comprar", selecciona la opción y es redirigido a una API de pago (Stripe/PayPal) para ingresar sus datos. | I19: 6 horas | J19: jue 12/6/25 | L19: No iniciado | M19: Si la tarjeta es rechazada, se informa el motivo. Si el pago se aprueba pero el registro falla, se notifica y se reembolsa. | O19: Comprar membresía
... B21: RF11.2.2 | C21: El padre (premium) necesita practicar imitación. | D21: Enseñar con juegos de imitación de señas. | E21: Para que el sistema me muestre una palabra, active la cámara, y yo realice la seña para que la valide. | F21: Padre | G21: El sistema recupera vocabulario, presenta una palabra, activa la cámara y usa reconocimiento de gestos para validar la imitación del padre. | I21: 6 horas | J21: mié 4/6/25 | L21: No iniciado | M21: Si el permiso de cámara no está otorgado o la cámara falla, se muestra un mensaje y la función no se ejecuta. | O21: Enseñar con juegos de imitación
L22: No iniciado
L23: No iniciado
L24: No iniciado
L25: No iniciado
K32: Alta | L32: No iniciado
K33: Media | L33: En proceso
K34: Baja | L34: Terminado
L35: Atrasado

Sheet RF1 - Historia de Usuario
B6: HISTORIA DE USUARIO (HU)
C9: ITEM | E9: USUARIO | H9: STATUS
C10: RF1 | E10: =VLOOKUP(C10,'Formato descripción HU'!B6:O22,5,0) -> Usuario | H10: =VLOOKUP(C10,'Formato descripción HU'!B6:O22,11,0) -> No iniciado
C12: TIEMPO | E12: PRIORIDAD | H12: PROG. RESP
C13: =VLOOKUP('RF1 - Historia de Usuario'!C10,'Formato descripción HU'!B6:O22,8,0) -> 8 horas | E13: =VLOOKUP(C10,'Formato descripción HU'!B6:O22,10,0) -> Alta | H13: =VLOOKUP(C10,'Formato descripción HU'!B6:O22,7,0) -> 0
C15: QUE | D15: =VLOOKUP(C10,'Formato descripción HU'!B6:O22,3,0) -> Registrarme en la aplicación con mis datos obligatorios (nombre, correo, contraseña, fecha de nacimiento, rol). | G15: PARA QUE | H15: =VLOOKUP(C10,'Formato descripción HU'!B6:O22,4,0) -> Para que el sistema guarde mis datos y me permita iniciar sesión. | L15: COMO | M15: =VLOOKUP(C10,'Formato descripción HU'!B6:O22,6,0) -> El usuario ingresa sus datos en el formulario de registro. El sistema valida el formato de los campos y los guarda.
C19: NOMBRE HISTORIA | E19: =VLOOKUP(C10,'Formato descripción HU'!B6:O22,14,0) -> Registrar Usuario
C22: PRUEBA | E22: =VLOOKUP(C10,'Formato descripción HU'!B6:O22,12,0) -> Si no se puede identificar el rol, se muestra un error y se sugiere reiniciar sesión. | J22: COMENTARIOS | L22: =VLOOKUP(C10,'Formato descripción HU'!B6:O22,13,0) -> 0

Sheet RF2 - Historia de Usuario
B6: HISTORIA DE USUARIO (HU)
C9: ITEM | E9: USUARIO | H9: STATUS
C10: RF2 | E10: =VLOOKUP(C10,'Formato descripción HU'!B6:O22,5,0) -> Usuario | H10: =VLOOKUP(C10,'Formato descripción HU'!B6:O22,11,0) -> No iniciado
C12: TIEMPO | E12: PRIORIDAD | H12: PROG. RESP
C13: =VLOOKUP('RF2 - Historia de Usuario'!C10,'Formato descripción HU'!B6:O22,8,0) -> 3 horas | E13: =VLOOKUP(C10,'Formato descripción HU'!B6:O22,10,0) -> Alta | H13: =VLOOKUP(C10,'Formato descripción HU'!B6:O22,7,0) -> 0
C15: QUE | D15: =VLOOKUP(C10,'Formato descripción HU'!B6:O22,3,0) -> Iniciar sesión en la aplicación con mi correo electrónico y contraseña. | G15: PARA QUE | H15: =VLOOKUP(C10,'Formato descripción HU'!B6:O22,4,0) -> Para que el sistema valide mis credenciales y me autorice el acceso a la app. | L15: COMO | M15: =VLOOKUP(C10,'Formato descripción HU'!B6:O22,6,0) -> El usuario ingresa su correo y contraseña. El sistema los valida contra la base de datos y da acceso.
C19: NOMBRE HISTORIA | E19: =VLOOKUP(C10,'Formato descripción HU'!B6:O22,14,0) -> Iniciar sesión
C22: PRUEBA | E22: =VLOOKUP(C10,'Formato descripción HU'!B6:O22,12,0) -> Si el código es inválido o expirado, el sistema muestra un mensaje de error claro. Si es exitoso, muestra confirmación. | J22: COMENTARIOS | L22: =VLOOKUP(C10,'Formato descripción HU'!B6:O22,13,0) -> 0

Sheet RF3.1 - Historia de Usuario
B6: HISTORIA DE USUARIO (HU)
C9: ITEM | E9: USUARIO | H9: STATUS
C10: RF3.1 | E10: =VLOOKUP(C10,'Formato descripción HU'!B6:O22,5,0) -> Padre | H10: =VLOOKUP(C10,'Formato descripción HU'!B6:O22,11,0) -> No iniciado
C12: TIEMPO | E12: PRIORIDAD | H12: PROG. RESP
C13: =VLOOKUP('RF3.1 - Historia de Usuario'!C10,'Formato descripción HU'!B6:O22,8,0) -> 6 horas | E13: =VLOOKUP(C10,'Formato descripción HU'!B6:O22,10,0) -> 0 | H13: =VLOOKUP(C10,'Formato descripción HU'!B6:O22,7,0) -> 0
C15: QUE | D15: =VLOOKUP(C10,'Formato descripción HU'!B6:O22,3,0) -> El padre necesita ver el contenido del nivel principiante para la categoría de edad seleccionada. | G15: PARA QUE | H15: =VLOOKUP(C10,'Formato descripción HU'!B6:O22,4,0) -> (Derivado) Para que el actor pueda seleccionar, visualizar y filtrar contenido de expresiones básicas y señas sobre animales. | L15: COMO | M15: =VLOOKUP(C10,'Formato descripción HU'!B6:O22,6,0) -> El sistema presenta... lista de contenidos... El actor selecciona un contenido... El actor puede aplicar un filtro... El sistema muestra el contenido filtrado.
C19: NOMBRE HISTORIA | E19: =VLOOKUP(C10,'Formato descripción HU'!B6:O22,14,0) -> Mostrar nivel principiante
C22: PRUEBA | E22: =VLOOKUP(C10,'Formato descripción HU'!B6:O22,12,0) -> Si el filtro no encuentra nada, se muestra "no hay coincidencias". Si no se carga el contenido, muestra error. | J22: COMENTARIOS | L22: =VLOOKUP(C10,'Formato descripción HU'!B6:O22,13,0) -> 0

Sheet RF3.2.1 - Historia de Usuario
B6: HISTORIA DE USUARIO (HU)
C9: ITEM | E9: USUARIO | H9: STATUS
C10: RF3.2.1 | E10: =VLOOKUP(C10,'Formato descripción HU'!B6:O22,5,0) -> Padre | H10: =VLOOKUP(C10,'Formato descripción HU'!B6:O22,11,0) -> No iniciado
C12: TIEMPO | E12: PRIORIDAD | H12: PROG. RESP
C13: =VLOOKUP('RF3.2.1 - Historia de Usuario'!C10,'Formato descripción HU'!B6:O22,8,0) -> 6 horas | E13: =VLOOKUP(C10,'Formato descripción HU'!B6:O22,10,0) -> 0 | H13: =VLOOKUP(C10,'Formato descripción HU'!B6:O22,7,0) -> 0
C15: QUE | D15: =VLOOKUP(C10,'Formato descripción HU'!B6:O22,3,0) -> Realizar una práctica para seleccionar la seña correcta. | G15: PARA QUE | H15: =VLOOKUP(C10,'Formato descripción HU'!B6:O22,4,0) -> Para que el sistema valide mi selección, me dé retroalimentación (Correcto/Incorrecto) y registre el resultado. | L15: COMO | M15: =VLOOKUP(C10,'Formato descripción HU'!B6:O22,6,0) -> El sistema muestra una seña y varias opciones. El padre elige una. El sistema da feedback y avanza.
C19: NOMBRE HISTORIA | E19: =VLOOKUP(C10,'Formato descripción HU'!B6:O22,14,0) -> Seleccionar seña correcta
C22: PRUEBA | E22: =VLOOKUP(C10,'Formato descripción HU'!B6:O22,12,0) -> Si no se carga la práctica, muestra error. El sistema debe dar feedback "Correcto" o "Incorrecto". | J22: COMENTARIOS | L22: =VLOOKUP(C10,'Formato descripción HU'!B6:O22,13,0) -> 0

Sheet Historia de Usuario
B6: HISTORIA DE USUARIO (HU)
C9: ITEM | E9: USUARIO | H9: STATUS
C10: RF3.2.1 | E10: =VLOOKUP(C10,'Formato descripción HU'!B6:O22,5,0) -> Padre | H10: =VLOOKUP(C10,'Formato descripción HU'!B6:O22,11,0) -> No iniciado
C12: TIEMPO | E12: PRIORIDAD | H12: PROG. RESP
C13: =VLOOKUP('Historia de Usuario'!C10,'Formato descripción HU'!B6:O22,8,0) -> 6 horas | E13: =VLOOKUP(C10,'Formato descripción HU'!B6:O22,10,0) -> 0 | H13: =VLOOKUP(C10,'Formato descripción HU'!B6:O22,7,0) -> 0
C15: QUE | D15: =VLOOKUP(C10,'Formato descripción HU'!B6:O22,3,0) -> Realizar una práctica para seleccionar la seña correcta. | G15: PARA QUE | H15: =VLOOKUP(C10,'Formato descripción HU'!B6:O22,4,0) -> Para que el sistema valide mi selección, me dé retroalimentación (Correcto/Incorrecto) y registre el resultado. | L15: COMO | M15: =VLOOKUP(C10,'Formato descripción HU'!B6:O22,6,0) -> El sistema muestra una seña y varias opciones. El padre elige una. El sistema da feedback y avanza.
C19: NOMBRE HISTORIA | E19: =VLOOKUP(C10,'Formato descripción HU'!B6:O22,14,0) -> Seleccionar seña correcta
C22: PRUEBA | E22: =VLOOKUP(C10,'Formato descripción HU'!B6:O22,12,0) -> Si no se carga la práctica, muestra error. El sistema debe dar feedback "Correcto" o "Incorrecto". | J22: COMENTARIOS | L22: =VLOOKUP(C10,'Formato descripción HU'!B6:O22,13,0) -> 0
