Workbook

Sheet Formato descripción HU
A1: 4
B3: Matriz de Marco de Trabajo de HU
B5: ITEM | C5: PROBLEMA | D5: QUE (NECESIDAD) | E5: PARA QUE (SOLUCIÓN) | F5: PARA QUIEN (USUARIO) | G5: COMO (DESCRIPCIÓN DE TAREAS) | H5: HECHO POR (PROG. RESP.) | I5: CUANTO TIEMPO (ESTIMADO EN HRS) | J5: FECHA DE ENTREGA | K5: PRIORIDAD | L5: STATUS | M5: PRUEBA (COMO SE VERIFICA) | N5: COMENTARIOS | O5: NOMBRE DE HISTORIA
B6: RF1.1 | C6: El padre nuevo necesita una cuenta. | D6: Registrarme en la aplicación con mis datos obligatorios (nombre, correo, contraseña, fecha de nacimiento. Y obtener el rol de padre. | E6: Para que el sistema guarde mis datos y me permita iniciar sesión. | F6: Padre | G6: El usuario ingresa sus datos en el formulario de registro, selecciona el rol de padre. El sistema valida el formato de los campos y los guarda. | H6: Marcos Escobar | I6: 4 horas | J6: sáb 17/5/25 | K6: Alta | L6: No iniciado | M6: Si no se puede identificar el rol, se muestra un error y se sugiere reiniciar sesión. | N6: Foco en las validaciones de campos del Anexo 2 y el manejo de errores para el usuario. | O6: Registrar Usuario
B7: RF1.2 | C7: El docente registrado necesita acceder. | D7: Registrarme en la aplicación con mis datos obligatorios (nombre, correo, contraseña, fecha de nacimiento, rol). | E7: Para que el sistema guarde mis datos y me permita iniciar sesión. | F7: Docente | G7: El usuario ingresa su correo y contraseña. El sistema los valida contra la base de datos y da acceso. | H7: Marcos Escobar | I7: 3 horas | J7: sáb 17/5/25 | K7: Alta | L7: No iniciado | M7: Si el código es inválido o expirado, el sistema muestra un mensaje de error claro. Si es exitoso, muestra confirmación. | N7: Foco en las validaciones de campos del Anexo 2 y el manejo de errores para el usuario. | O7: Iniciar sesión
B8: RF2.1 | C8: El usuario registrado necesita acceder. | D8: Iniciar sesión en la aplicación con mi correo electrónico y contraseña. | E8: Para que el sistema valide mis credenciales y me autorice el acceso a la app. | F8: Padre | G8: El usuario ingresa su correo y contraseña. El sistema los valida contra la base de datos y da acceso. | H8: Marcos Escobar | I8: 3 horas | J8: sáb 17/5/25 | K8: Alta | L8: No iniciado | M8: Si el código es inválido o expirado, el sistema muestra un mensaje de error claro. Si es exitoso, muestra confirmación. | N8: Priorizar la validación segura de credenciales y la correcta redirección post-login. | O8: Iniciar sesión
B9: RF2.2 | C9: El usuario registrado necesita acceder. | D9: Iniciar sesión en la aplicación con mi correo electrónico y contraseña. | E9: Para que el sistema valide mis credenciales y me autorice el acceso a la app. | F9: Docente | G9: El usuario ingresa su correo y contraseña. El sistema los valida contra la base de datos y da acceso. | H9: Marcos Escobar | I9: 3 horas | J9: sáb 17/5/25 | K9: Alta | L9: No iniciado | M9: Si el código es inválido o expirado, el sistema muestra un mensaje de error claro. Si es exitoso, muestra confirmación. | N9: Priorizar la validación segura de credenciales y la correcta redirección post-login. | O9: Iniciar sesión
B10: RF3.1 | C10: El padre necesita ver el contenido del nivel principiante para la categoría de edad seleccionada. | D10: El padre necesita ver el contenido del nivel principiante para la categoría de edad seleccionada. | E10: (Derivado) Para que el actor pueda seleccionar, visualizar y filtrar contenido de expresiones básicas y señas sobre animales. | F10: Padre | G10: El sistema muestra la lista de contenidos del nivel. El padre puede seleccionar uno para verlo o usar palabras clave para filtrar la lista. | H10: Marcos Escobar | I10: 4 horas | J10: mié 28/5/25 | K10: Alta | L10: No iniciado | M10: Si el filtro no encuentra nada, se muestra "no hay coincidencias". Si no se carga el contenido, muestra error. | N10: Carga de contenido base. Coordinar con RF14 (Fernando) para la funcionalidad del filtro. | O10: Mostrar nivel principiante
B11: RF3.2.1 | C11: El padre necesita practicar en nivel intermedio. | D11: Realizar una práctica para seleccionar la seña correcta. | E11: Para que el sistema valide mi selección, me dé retroalimentación (Correcto/Incorrecto) y registre el resultado. | F11: Padre | G11: El sistema muestra una seña y varias opciones. El padre elige una. El sistema da feedback y avanza. | H11: Marcos Escobar | I11: 6 horas | J11: mié 28/5/25 | K11: Alta | L11: No iniciado | M11: Si no se carga la práctica, muestra error. El sistema debe dar feedback "Correcto" o "Incorrecto". | N11: Implementar la lógica del quiz: recibir la respuesta, validar y entregar retroalimentación inmediata. | O11: Seleccionar seña correcta
B12: RF3.2.2 | C12: El padre necesita practicar asociación. | D12: Realizar una práctica de asociación visual (arrastrar y soltar). | E12: Para asociar correctamente cada seña (video/imagen) con su etiqueta de significado. | F12: Padre | G12: El sistema muestra señas y etiquetas desordenadas. El padre las arrastra para unirlas. El sistema valida y da feedback. | H12: Marcos Escobar | I12: 6 horas | J12: vie 30/5/25 | K12: Alta | L12: No iniciado | M12: Si no se carga la práctica, muestra error. El progreso se puede guardar al salir. | N12: Foco en la UI/UX de "arrastrar y soltar" (drag & drop) y su lógica de validación. | O12: Practicar por asociación visual
B13: RF3.3.1 | C13: El padre necesita practicar imitación (Avanzado). | D13: Practicar señas con un ejemplo visual contextual. | E13: Para observar el ejemplo, imitar la seña frente a la cámara y seleccionar el significado correcto. | F13: Padre | G13: El sistema pide permiso de cámara. Muestra la seña y su contexto. El padre imita y responde. El sistema valida la imitación y la respuesta. | H13: Mateo Sosa | I13: 5 horas | J13: sáb 31/5/25 | K13: Alta | L13: No iniciado | M13: Si no se da permiso a la cámara, el caso de uso no se ejecuta. Si la imitación falla, pide volver a intentarlo. | N13: Tarea compleja. Requiere integración con la cámara y el modelo de reconocimiento de señas. | O13: Practicar señas con ejemplo visual
B14: RF3.3.2 | C14: El padre necesita practicar con audio (Avanzado). | D14: Practicar señas con audio e imitación. | E14: Para escuchar una descripción, ver la seña, e imitarla frente a la cámara para que el sistema la valide. | F14: Padre | G14: El sistema pide permiso de cámara. Reproduce el video de la seña y el audio. El padre imita. El sistema captura y valida la imitación. | H14: Mateo Sosa | I14: 6 horas | J14: sáb 31/5/25 | K14: Alta | L14: No iniciado | M14: Si no se da permiso a la cámara, no se ejecuta. Si la validación de la seña falla, pide volver a realizarla | N14: Similar a la anterior. Sincronizar el audio descriptivo con la validación de la cámara. | O14: Practicar con audio imitación
B15: RF4 | C15: El padre necesita unirse a una clase. | D15: El padre necesita unirse a una clase. | E15: Para que el sistema me vincule a la clase de un docente y me dé acceso a los contenidos. | F15: Padre | G15: El padre ingresa un código. El sistema valida su existencia y vigencia. Si es válido, lo enlaza a la clase. | H15: Marcos Escobar | I15: 4 horas | J15: sáb 31/5/25 | K15: Alta | L15: No iniciado | M15: Si el código es inválido o expirado, el sistema muestra un mensaje de error claro. Si es exitoso, muestra confirmación. | N15: Tarea central. Validar el código contra el generado en RF6 (Docente). Manejar códigos inválidos o expirados. | O15: Enlazar clase
B16: RF5 | C16: El padre necesita un "diccionario" de frases. | D16: Categorizar frases comunes. | E16: Para explorar un listado de frases comunes (saludos, rutinas) y ver su representación en señas (video/imagen). | F16: Padre | G16: El padre accede a la sección. El sistema carga las categorías (saludos, hogar, etc.). El padre selecciona una y explora las frases. | H16: Fernando Tipán | I16: 6 horas | J16: lun 9/6/25 | K16: Media | L16: No iniciado | M16: Si no se pueden cargar las categorías o las frases, el sistema muestra un mensaje de error indicando que el contenido no está disponible. | N16: Foco en mostrar el "diccionario" de frases. Cargar categorías y luego el contenido visual (video/imagen). | O16: Categorizar frases comunes
... B29: RF14 | C29: El padre necesita buscar contenido. | D29: Filtrar contenido. | E29: Para encontrar contenidos específicos (ej. "comer", "gracias") usando palabras clave, sin tener que explorar todo. | F29: Padre | G29: El padre escribe uno o más términos en la barra de búsqueda (asociada a RF3.1 y RF5). El sistema filtra y muestra resultados. | H29: Fernando Tipán | I29: 4 horas | J29: lun 19/5/25 | K29: Baja | L29: No iniciado | M29: Si el campo de búsqueda está vacío, el sistema muestra "Debe ingresar al menos una palabra...". Si no hay coincidencias, se informa. | N29: Implementar la lógica de búsqueda. Debe funcionar para RF3.1 (Principiante) y RF5 (Frases comunes). | O29: Filtrar contenido
K32: Alta | L32: No iniciado
K33: Media | L33: En proceso
K34: Baja | L34: Terminado
L35: Atrasado

Sheet Historia de Usuario
B6: HISTORIA DE USUARIO (HU)
C9: ITEM | E9: USUARIO | H9: STATUS
C10: RF11 | E10: =VLOOKUP(C10,'Formato descripción HU'!B6:O22,5,0) -> Padre | H10: =VLOOKUP(C10,'Formato descripción HU'!B6:O22,11,0) -> No iniciado
C12: TIEMPO | E12: PRIORIDAD | H12: PROG. RESP
C13: =VLOOKUP('Historia de Usuario'!C10,'Formato descripción HU'!B6:O22,8,0) -> 5 horas | E13: =VLOOKUP(C10,'Formato descripción HU'!B6:O22,10,0) -> Alta | H13: =VLOOKUP(C10,'Formato descripción HU'!B6:O22,7,0) -> Fernando Tipán
C15: QUE | D15: =VLOOKUP(C10,'Formato descripción HU'!B6:O22,3,0) -> Acceder a contenido exclusivo (Traductor, Aprendizaje Dinámico). | G15: PARA QUE | H15: =VLOOKUP(C10,'Formato descripción HU'!B6:O22,4,0) -> Para que el sistema verifique si tengo una membresía activa y me dé acceso. | L15: COMO | M15: =VLOOKUP(C10,'Formato descripción HU'!B6:O22,6,0) -> El sistema verifica el estado de la membresía del padre. Si es válida, desbloquea las funciones. Si no, lo redirige a la pantalla de compra.
C19: NOMBRE HISTORIA | E19: =VLOOKUP(C10,'Formato descripción HU'!B6:O22,14,0) -> Acceder a contenido exclusivo
C22: PRUEBA | E22: =VLOOKUP(C10,'Formato descripción HU'!B6:O22,12,0) -> Si la membresía no es válida, el usuario es redirigido a la sección informativa para comprarla. | J22: COMENTARIOS | L22: =VLOOKUP(C10,'Formato descripción HU'!B6:O22,13,0) -> Es el "guardián" (gatekeeper) de las funciones premium. Debe validar el estado de la membresía (RF11.1).

Sheet RF1 - Historia de Usuario
B6: HISTORIA DE USUARIO (HU)
C9: ITEM | E9: USUARIO | H9: STATUS
C10: RF3.1 | E10: =VLOOKUP(C10,'Formato descripción HU'!B6:O22,5,0) -> Padre | H10: =VLOOKUP(C10,'Formato descripción HU'!B6:O22,11,0) -> No iniciado
C12: TIEMPO | E12: PRIORIDAD | H12: PROG. RESP
C13: =VLOOKUP('RF1 - Historia de Usuario'!C10,'Formato descripción HU'!B6:O22,8,0) -> 4 horas | E13: =VLOOKUP(C10,'Formato descripción HU'!B6:O22,10,0) -> Alta | H13: =VLOOKUP(C10,'Formato descripción HU'!B6:O22,7,0) -> Marcos Escobar
C15: QUE | D15: =VLOOKUP(C10,'Formato descripción HU'!B6:O22,3,0) -> El padre necesita ver el contenido del nivel principiante para la categoría de edad seleccionada. | G15: PARA QUE | H15: =VLOOKUP(C10,'Formato descripción HU'!B6:O22,4,0) -> (Derivado) Para que el actor pueda seleccionar, visualizar y filtrar contenido de expresiones básicas y señas sobre animales. | L15: COMO | M15: =VLOOKUP(C10,'Formato descripción HU'!B6:O22,6,0) -> El sistema muestra la lista de contenidos del nivel. El padre puede seleccionar uno para verlo o usar palabras clave para filtrar la lista.
C19: NOMBRE HISTORIA | E19: =VLOOKUP(C10,'Formato descripción HU'!B6:O22,14,0) -> Mostrar nivel principiante
C22: PRUEBA | E22: =VLOOKUP(C10,'Formato descripción HU'!B6:O22,12,0) -> Si el filtro no encuentra nada, se muestra "no hay coincidencias". Si no se carga el contenido, muestra error. | J22: COMENTARIOS | L22: =VLOOKUP(C10,'Formato descripción HU'!B6:O22,13,0) -> Carga de contenido base. Coordinar con RF14 (Fernando) para la funcionalidad del filtro.

Sheet RF2 - Historia de Usuario
B6: HISTORIA DE USUARIO (HU)
C9: ITEM | E9: USUARIO | H9: STATUS
C10: RF2 | E10: =VLOOKUP(C10,'Formato descripción HU'!B6:O22,5,0) -> #N/A | H10: =VLOOKUP(C10,'Formato descripción HU'!B6:O22,11,0) -> #N/A
C12: TIEMPO | E12: PRIORIDAD | H12: PROG. RESP
C13: =VLOOKUP('RF2 - Historia de Usuario'!C10,'Formato descripción HU'!B6:O22,8,0) -> #N/A | E13: =VLOOKUP(C10,'Formato descripción HU'!B6:O22,10,0) -> #N/A | H13: =VLOOKUP(C10,'Formato descripción HU'!B6:O22,7,0) -> #N/A
C15: QUE | D15: =VLOOKUP(C10,'Formato descripción HU'!B6:O22,3,0) -> #N/A | G15: PARA QUE | H15: =VLOOKUP(C10,'Formato descripción HU'!B6:O22,4,0) -> #N/A | L15: COMO | M15: =VLOOKUP(C10,'Formato descripción HU'!B6:O22,6,0) -> #N/A
C19: NOMBRE HISTORIA | E19: =VLOOKUP(C10,'Formato descripción HU'!B6:O22,14,0) -> #N/A
C22: PRUEBA | E22: =VLOOKUP(C10,'Formato descripción HU'!B6:O22,12,0) -> #N/A | J22: COMENTARIOS | L22: =VLOOKUP(C10,'Formato descripción HU'!B6:O22,13,0) -> #N/A

Sheet RF3.1 - Historia de Usuario
B6: HISTORIA DE USUARIO (HU)
C9: ITEM | E9: USUARIO | H9: STATUS
C10: RF3.1 | E10: =VLOOKUP(C10,'Formato descripción HU'!B6:O22,5,0) -> Padre | H10: =VLOOKUP(C10,'Formato descripción HU'!B6:O22,11,0) -> No iniciado
C12: TIEMPO | E12: PRIORIDAD | H12: PROG. RESP
C13: =VLOOKUP('RF3.1 - Historia de Usuario'!C10,'Formato descripción HU'!B6:O22,8,0) -> 4 horas | E13: =VLOOKUP(C10,'Formato descripción HU'!B6:O22,10,0) -> Alta | H13: =VLOOKUP(C10,'Formato descripción HU'!B6:O22,7,0) -> Marcos Escobar
C15: QUE | D15: =VLOOKUP(C10,'Formato descripción HU'!B6:O22,3,0) -> El padre necesita ver el contenido del nivel principiante para la categoría de edad seleccionada. | G15: PARA QUE | H15: =VLOOKUP(C10,'Formato descripción HU'!B6:O22,4,0) -> (Derivado) Para que el actor pueda seleccionar, visualizar y filtrar contenido de expresiones básicas y señas sobre animales. | L15: COMO | M15: =VLOOKUP(C10,'Formato descripción HU'!B6:O22,6,0) -> El sistema muestra la lista de contenidos del nivel. El padre puede seleccionar uno para verlo o usar palabras clave para filtrar la lista.
C19: NOMBRE HISTORIA | E19: =VLOOKUP(C10,'Formato descripción HU'!B6:O22,14,0) -> Mostrar nivel principiante
C22: PRUEBA | E22: =VLOOKUP(C10,'Formato descripción HU'!B6:O22,12,0) -> Si el filtro no encuentra nada, se muestra "no hay coincidencias". Si no se carga el contenido, muestra error. | J22: COMENTARIOS | L22: =VLOOKUP(C10,'Formato descripción HU'!B6:O22,13,0) -> Carga de contenido base. Coordinar con RF14 (Fernando) para la funcionalidad del filtro.

Sheet RF3.2.1 - Historia de Usuario
B6: HISTORIA DE USUARIO (HU)
C9: ITEM | E9: USUARIO | H9: STATUS
C10: RF3.2.1 | E10: =VLOOKUP(C10,'Formato descripción HU'!B6:O22,5,0) -> Padre | H10: =VLOOKUP(C10,'Formato descripción HU'!B6:O22,11,0) -> No iniciado
C12: TIEMPO | E12: PRIORIDAD | H12: PROG. RESP
C13: =VLOOKUP('RF3.2.1 - Historia de Usuario'!C10,'Formato descripción HU'!B6:O22,8,0) -> 6 horas | E13: =VLOOKUP(C10,'Formato descripción HU'!B6:O22,10,0) -> Alta | H13: =VLOOKUP(C10,'Formato descripción HU'!B6:O22,7,0) -> Marcos Escobar
C15: QUE | D15: =VLOOKUP(C10,'Formato descripción HU'!B6:O22,3,0) -> Realizar una práctica para seleccionar la seña correcta. | G15: PARA QUE | H15: =VLOOKUP(C10,'Formato descripción HU'!B6:O22,4,0) -> Para que el sistema valide mi selección, me dé retroalimentación (Correcto/Incorrecto) y registre el resultado. | L15: COMO | M15: =VLOOKUP(C10,'Formato descripción HU'!B6:O22,6,0) -> El sistema muestra una seña y varias opciones. El padre elige una. El sistema da feedback y avanza.
C19: NOMBRE HISTORIA | E19: =VLOOKUP(C10,'Formato descripción HU'!B6:O22,14,0) -> Seleccionar seña correcta
C22: PRUEBA | E22: =VLOOKUP(C10,'Formato descripción HU'!B6:O22,12,0) -> Si no se carga la práctica, muestra error. El sistema debe dar feedback "Correcto" o "Incorrecto". | J22: COMENTARIOS | L22: =VLOOKUP(C10,'Formato descripción HU'!B6:O22,13,0) -> Implementar la lógica del quiz: recibir la respuesta, validar y entregar retroalimentación inmediata.
